township_code,township_name_en,township_name_mm,state_region_code,state_region_name_en,state_region_name_mm,township_name_for_current_app
MMR017024,Bogale,ဘိုကလေး,MMR017,Ayeyarwady,ဧရာဝတီတိုင်းဒေသကြီး,Bogale
MMR017022,Danubyu,ဓနုဖြူ,MMR017,Ayeyarwady,ဧရာဝတီတိုင်းဒေသကြီး,Danubyu
MMR017026,Dedaye,ဒေးဒရဲ,MMR017,Ayeyarwady,ဧရာဝတီတိုင်းဒေသကြီး,Dedaye
MMR017015,Einme,အိမ်မဲ,MMR017,Ayeyarwady,ဧရာဝတီတိုင်းဒေသကြီး,Einme
MMR017008,Hinthada,ဟင်္သာတ,MMR017,Ayeyarwady,ဧရာဝတီတိုင်းဒေသကြီး,Hinthada
MMR017013,Ingapu,အင်္ဂပူ,MMR017,Ayeyarwady,ဧရာဝတီတိုင်းဒေသကြီး,Ingapu
MMR017002,Kangyidaunt,ကန်ကြီးထောင့်,MMR017,Ayeyarwady,ဧရာဝတီတိုင်းဒေသကြီး,Kangyidaunt
MMR017025,Kyaiklat,ကျိုက်လတ်,MMR017,Ayeyarwady,ဧရာဝတီတိုင်းဒေသကြီး,Kyaiklat
MMR017012,Kyangin,ကြံခင်း,MMR017,Ayeyarwady,ဧရာဝတီတိုင်းဒေသကြီး,Kyangin
MMR017007,Kyaunggon,ကျောင်းကုန်း,MMR017,Ayeyarwady,ဧရာဝတီတိုင်းဒေသကြီး,Kyaunggon
MMR017005,Kyonpyaw,ကျုံပျော်,MMR017,Ayeyarwady,ဧရာဝတီတိုင်းဒေသကြီး,Kyonpyaw
MMR017016,Labutta,လပွတ္တာ,MMR017,Ayeyarwady,ဧရာဝတီတိုင်းဒေသကြီး,Labutta
MMR017010,Lemyethna,လေးမျက်နှာ,MMR017,Ayeyarwady,ဧရာဝတီတိုင်းဒေသကြီး,Lemyethna
MMR017019,Maubin,မအူပင်,MMR017,Ayeyarwady,ဧရာဝတီတိုင်းဒေသကြီး,Maubin
MMR017018,Mawlamyinegyun,မော်လမြိုင်ကျွန်း,MMR017,Ayeyarwady,ဧရာဝတီတိုင်းဒေသကြီး,Mawlamyinegyun
MMR017011,Myanaung,မြန်အောင်,MMR017,Ayeyarwady,ဧရာဝတီတိုင်းဒေသကြီး,Myanaung
MMR017014,Myaungmya,မြောင်းမြ,MMR017,Ayeyarwady,ဧရာဝတီတိုင်းဒေသကြီး,Myaungmya
MMR017004,Ngapudaw,ငပုတော,MMR017,Ayeyarwady,ဧရာဝတီတိုင်းဒေသကြီး,Ngapudaw
MMR017021,Nyaungdon,ညောင်တုန်း,MMR017,Ayeyarwady,ဧရာဝတီတိုင်းဒေသကြီး,Nyaungdon
MMR017020,Pantanaw,ပန်းတနော်,MMR017,Ayeyarwady,ဧရာဝတီတိုင်းဒေသကြီး,Pantanaw
MMR017001,Pathein,ပုသိမ်,MMR017,Ayeyarwady,ဧရာဝတီတိုင်းဒေသကြီး,Pathein
MMR017023,Pyapon,ဖျာပုံ,MMR017,Ayeyarwady,ဧရာဝတီတိုင်းဒေသကြီး,Pyapon
MMR017003,Thabaung,သာပေါင်း,MMR017,Ayeyarwady,ဧရာဝတီတိုင်းဒေသကြီး,Thabaung
MMR017017,Wakema,ဝါးခယ်မ,MMR017,Ayeyarwady,ဧရာဝတီတိုင်းဒေသကြီး,Wakema
MMR017006,Yegyi,ရေကြည်,MMR017,Ayeyarwady,ဧရာဝတီတိုင်းဒေသကြီး,Yegyi
MMR017009,Zalun,ဇလွန်,MMR017,Ayeyarwady,ဧရာဝတီတိုင်းဒေသကြီး,Zalun
MMR007001,Bago,ပဲခူး,MMR111,Bago,ပဲခူးတိုင်းဒေသကြီး,Bago
MMR007007,Daik-U,ဒိုက်ဦး,MMR111,Bago,ပဲခူးတိုင်းဒေသကြီး,Daik-U
MMR007014,Htantabin,ထန်းတပင်,MMR111,Bago,ပဲခူးတိုင်းဒေသကြီး,Htantabin
MMR007003,Kawa,ကဝ,MMR111,Bago,ပဲခူးတိုင်းဒေသကြီး,Kawa
MMR007011,Kyaukkyi,ကျောက်ကြီး,MMR111,Bago,ပဲခူးတိုင်းဒေသကြီး,Kyaukkyi
MMR007006,Kyauktaga,ကျောက်တံခါး,MMR111,Bago,ပဲခူးတိုင်းဒေသကြီး,Kyauktaga
MMR007005,Nyaunglebin,ညောင်လေးပင်,MMR111,Bago,ပဲခူးတိုင်းဒေသကြီး,Nyaunglebin
MMR007013,Oktwin,အုတ်တွင်း,MMR111,Bago,ပဲခူးတိုင်းဒေသကြီး,Oktwin
MMR007012,Phyu,ဖြူး,MMR111,Bago,ပဲခူးတိုင်းဒေသကြီး,Phyu
MMR007008,Shwegyin,ရွှေကျင်,MMR111,Bago,ပဲခူးတိုင်းဒေသကြီး,Shwegyin
MMR007009,Taungoo,တောင်ငူ,MMR111,Bago,ပဲခူးတိုင်းဒေသကြီး,Taungoo
MMR007002,Thanatpin,သနပ်ပင်,MMR111,Bago,ပဲခူးတိုင်းဒေသကြီး,Thanatpin
MMR007004,Waw,ဝေါ,MMR111,Bago,ပဲခူးတိုင်းဒေသကြီး,Waw
MMR007010,Yedashe,ရေတာရှည်,MMR111,Bago,ပဲခူးတိုင်းဒေသကြီး,Yedashe
MMR008014,Gyobingauk,ကြို့ပင်ကောက်,MMR111,Bago,ပဲခူးတိုင်းဒေသကြီး,Gyobingauk
MMR008008,Letpadan,လက်ပံတန်း,MMR111,Bago,ပဲခူးတိုင်းဒေသကြီး,Letpadan
MMR008009,Minhla,မင်းလှ,MMR111,Bago,ပဲခူးတိုင်းဒေသကြီး,Minhla
MMR008013,Monyo,မိုးညို,MMR111,Bago,ပဲခူးတိုင်းဒေသကြီး,Monyo
MMR008012,Nattalin,နတ်တလင်း,MMR111,Bago,ပဲခူးတိုင်းဒေသကြီး,Nattalin
MMR008010,Okpho,အုတ်ဖို,MMR111,Bago,ပဲခူးတိုင်းဒေသကြီး,Okpho
MMR008003,Padaung,ပန်းတောင်း,MMR111,Bago,ပဲခူးတိုင်းဒေသကြီး,Padaung
MMR008002,Paukkhaung,ပေါက်ခေါင်း,MMR111,Bago,ပဲခူးတိုင်းဒေသကြီး,Paukkhaung
MMR008004,Paungde,ပေါင်းတည်,MMR111,Bago,ပဲခူးတိုင်းဒေသကြီး,Paungde
MMR008001,Pyay,ပြည်,MMR111,Bago,ပဲခူးတိုင်းဒေသကြီး,Pyay
MMR008006,Shwedaung,ရွှေတောင်,MMR111,Bago,ပဲခူးတိုင်းဒေသကြီး,Shwedaung
MMR008007,Thayarwady,သာယာဝတီ,MMR111,Bago,ပဲခူးတိုင်းဒေသကြီး,Thayarwady
MMR008005,Thegon,သဲကုန်း,MMR111,Bago,ပဲခူးတိုင်းဒေသကြီး,Thegon
MMR008011,Zigon,ဇီးကုန်း,MMR111,Bago,ပဲခူးတိုင်းဒေသကြီး,Zigon
MMR004001,Falam,ဖလမ်း,MMR004,Chin,ချင်းပြည်နယ်,Falam
MMR004002,Hakha,ဟားခါး,MMR004,Chin,ချင်းပြည်နယ်,Hakha
MMR004008,Kanpetlet,ကန်ပက်လက်,MMR004,Chin,ချင်းပြည်နယ်,Kanpetlet
MMR004007,Matupi,မတူပီ,MMR004,Chin,ချင်းပြည်နယ်,Matupi
MMR004006,Mindat,မင်းတပ်,MMR004,Chin,ချင်းပြည်နယ်,Mindat
MMR004009,Paletwa,ပလက်ဝ,MMR004,Chin,ချင်းပြည်နယ်,Paletwa
MMR004004,Tedim,တီးတိန်,MMR004,Chin,ချင်းပြည်နယ်,Tedim
MMR004003,Thantlang,ထန်တလန်,MMR004,Chin,ချင်းပြည်နယ်,Thantlang
MMR004005,Tonzang,တွန်းဇန်,MMR004,Chin,ချင်းပြည်နယ်,Tonzang
MMR001010,Bhamo,ဗန်းမော်,MMR001,Kachin,ကချင်ပြည်နယ်,Bhamo
MMR001005,Chipwi,ချီ​ဖွေ,MMR001,Kachin,ကချင်ပြည်နယ်,Chipwi
MMR001009,Hpakant,ဖားကန့်,MMR001,Kachin,ကချင်ပြည်နယ်,Hpakant
MMR001003,Injangyang,အင်ဂျန်းယန်,MMR001,Kachin,ကချင်ပြည်နယ်,Injangyang
MMR001018,Khaunglanhpu,ခေါင်လန်ဖူး,MMR001,Kachin,ကချင်ပြည်နယ်,Khaunglanhpu
MMR001016,Machanbaw,မချမ်းဘော,MMR001,Kachin,ကချင်ပြည်နယ်,Machanbaw
MMR001013,Mansi,မံစီ,MMR001,Kachin,ကချင်ပြည်နယ်,Mansi
MMR001008,Mogaung,မိုးကောင်း,MMR001,Kachin,ကချင်ပြည်နယ်,Mogaung
MMR001007,Mohnyin,မိုးညှင်း,MMR001,Kachin,ကချင်ပြည်နယ်,Mohnyin
MMR001012,Momauk,မိုးမောက်,MMR001,Kachin,ကချင်ပြည်နယ်,Momauk
MMR001001,Myitkyina,မြစ်ကြီးနား,MMR001,Kachin,ကချင်ပြည်နယ်,Myitkyina
MMR001017,Nawngmun,နောင်မွန်း,MMR001,Kachin,ကချင်ပြည်နယ်,Nawngmun
MMR001014,Puta-O,ပူတာအို,MMR001,Kachin,ကချင်ပြည်နယ်,Puta-O
MMR001011,Shwegu,ရွှေကူ,MMR001,Kachin,ကချင်ပြည်နယ်,Shwegu
MMR001015,Sumprabum,ဆွမ်ပရာဘွမ်,MMR001,Kachin,ကချင်ပြည်နယ်,Sumprabum
MMR001004,Tanai,တနိုင်း,MMR001,Kachin,ကချင်ပြည်နယ်,Tanai
MMR001006,Tsawlaw,ဆော့လော်,MMR001,Kachin,ကချင်ပြည်နယ်,Tsawlaw
MMR001002,Waingmaw,ဝိုင်းမော်,MMR001,Kachin,ကချင်ပြည်နယ်,Waingmaw
MMR002005,Bawlake,ဘောလခဲ,MMR002,Kayah,ကယားပြည်နယ်,Bawlake
MMR002002,Demoso,ဒီးမော့ဆို,MMR002,Kayah,ကယားပြည်နယ်,Demoso
MMR002006,Hpasawng,ဖားဆောင်း,MMR002,Kayah,ကယားပြည်နယ်,Hpasawng
MMR002003,Hpruso,ဖရူဆို,MMR002,Kayah,ကယားပြည်နယ်,Hpruso
MMR002001,Loikaw,လွိုင်ကော်,MMR002,Kayah,ကယားပြည်နယ်,Loikaw
MMR002007,Mese,မယ်စဲ့,MMR002,Kayah,ကယားပြည်နယ်,Mese
MMR002004,Shadaw,ရှားတော,MMR002,Kayah,ကယားပြည်နယ်,Shadaw
MMR003002,Hlaingbwe,လှိုင်းဘွဲ့,MMR003,Kayin,ကရင်ပြည်နယ်,Hlaingbwe
MMR003001,Hpa-An,ဘားအံ,MMR003,Kayin,ကရင်ပြည်နယ်,Hpa-An
MMR003003,Hpapun,ဖာပွန်,MMR003,Kayin,ကရင်ပြည်နယ်,Hpapun
MMR003006,Kawkareik,ကော့ကရိတ်,MMR003,Kayin,ကရင်ပြည်နယ်,Kawkareik
MMR003007,Kyainseikgyi,ကြာအင်းဆိပ်ကြီး,MMR003,Kayin,ကရင်ပြည်နယ်,Kyainseikgyi
MMR003005,Myawaddy,မြဝတီ,MMR003,Kayin,ကရင်ပြည်နယ်,Myawaddy
MMR003004,Thandaunggyi,သံတောင်ကြီး,MMR003,Kayin,ကရင်ပြည်နယ်,Thandaunggyi
MMR009016,Aunglan,အောင်လံ,MMR009,Magway,မကွေးတိုင်းဒေသကြီး,Aunglan
MMR009003,Chauk,ချောက်,MMR009,Magway,မကွေးတိုင်းဒေသကြီး,Chauk
MMR009023,Gangaw,ဂန့်ဂေါ,MMR009,Magway,မကွေးတိုင်းဒေသကြီး,Gangaw
MMR009015,Kamma,ကံမ,MMR009,Magway,မကွေးတိုင်းဒေသကြီး,Kamma
MMR009001,Magway,မကွေး,MMR009,Magway,မကွေးတိုင်းဒေသကြီး,Magway
MMR009007,Minbu,မင်းဘူး,MMR009,Magway,မကွေးတိုင်းဒေသကြီး,Minbu
MMR009014,Mindon,မင်းတုန်း,MMR009,Magway,မကွေးတိုင်းဒေသကြီး,Mindon
MMR009013,Minhla,မင်းလှ,MMR009,Magway,မကွေးတိုင်းဒေသကြီး,Minhla
MMR009020,Myaing,မြိုင်,MMR009,Magway,မကွေးတိုင်းဒေသကြီး,Myaing
MMR009005,Myothit,မြို့သစ်,MMR009,Magway,မကွေးတိုင်းဒေသကြီး,Myothit
MMR009006,Natmauk,နတ်မောက်,MMR009,Magway,မကွေးတိုင်းဒေသကြီး,Natmauk
MMR009009,Ngape,ငဖဲ,MMR009,Magway,မကွေးတိုင်းဒေသကြီး,Ngape
MMR009018,Pakokku,ပခုက္ကူ,MMR009,Magway,မကွေးတိုင်းဒေသကြီး,Pakokku
MMR009021,Pauk,ပေါက်,MMR009,Magway,မကွေးတိုင်းဒေသကြီး,Pauk
MMR009008,Pwintbyu,ပွင့်ဖြူ,MMR009,Magway,မကွေးတိုင်းဒေသကြီး,Pwintbyu
MMR009010,Salin,စလင်း,MMR009,Magway,မကွေးတိုင်းဒေသကြီး,Salin
MMR009025,Saw,ဆော,MMR009,Magway,မကွေးတိုင်းဒေသကြီး,Saw
MMR009022,Seikphyu,ဆိပ်ဖြူ,MMR009,Magway,မကွေးတိုင်းဒေသကြီး,Seikphyu
MMR009011,Sidoktaya,စေတုတ္ထရာ,MMR009,Magway,မကွေးတိုင်းဒေသကြီး,Sidoktaya
MMR009017,Sinbaungwe,ဆင်ပေါင်ဝဲ,MMR009,Magway,မကွေးတိုင်းဒေသကြီး,Sinbaungwe
MMR009004,Taungdwingyi,တောင်တွင်းကြီး,MMR009,Magway,မကွေးတိုင်းဒေသကြီး,Taungdwingyi
MMR009012,Thayet,သရက်,MMR009,Magway,မကွေးတိုင်းဒေသကြီး,Thayet
MMR009024,Tilin,ထီးလင်း,MMR009,Magway,မကွေးတိုင်းဒေသကြီး,Tilin
MMR009002,Yenangyaung,ရေနံချောင်း,MMR009,Magway,မကွေးတိုင်းဒေသကြီး,Yenangyaung
MMR009019,Yesagyo,ရေစကြို,MMR009,Magway,မကွေးတိုင်းဒေသကြီး,Yesagyo
MMR010006,Amarapura,အမရပူရ,MMR010,Mandalay,မန္တလေးတိုင်းဒေသကြီး,Amarapura
MMR010001,Aungmyaythazan,အောင်မြေသာစံ,MMR010,Mandalay,မန္တလေးတိုင်းဒေသကြီး,Aungmyaythazan
MMR010002,Chanayethazan,ချမ်းအေးသာစံ,MMR010,Mandalay,မန္တလေးတိုင်းဒေသကြီး,Chanayethazan
MMR010004,Chanmyathazi,ချမ်းမြသာစည်,MMR010,Mandalay,မန္တလေးတိုင်းဒေသကြီး,Chanmyathazi
MMR010020,Kyaukpadaung,ကျောက်ပန်းတောင်း,MMR010,Mandalay,မန္တလေးတိုင်းဒေသကြီး,Kyaukpadaung
MMR010013,Kyaukse,ကျောက်ဆည်,MMR010,Mandalay,မန္တလေးတိုင်းဒေသကြီး,Kyaukse
MMR010009,Madaya,မတ္တရာ,MMR010,Mandalay,မန္တလေးတိုင်းဒေသကြီး,Madaya
MMR010003,Mahaaungmyay,မဟာအောင်မြေ,MMR010,Mandalay,မန္တလေးတိုင်းဒေသကြီး,Mahaaungmyay
MMR010029,Mahlaing,မလှိုင်,MMR010,Mandalay,မန္တလေးတိုင်းဒေသကြီး,Mahlaing
MMR010028,Meiktila,မိတ္ထီလာ,MMR010,Mandalay,မန္တလေးတိုင်းဒေသကြီး,Meiktila
MMR010011,Mogoke,မိုးကုတ်,MMR010,Mandalay,မန္တလေးတိုင်းဒေသကြီး,Mogoke
MMR010017,Myingyan,မြင်းခြံ,MMR010,Mandalay,မန္တလေးတိုင်းဒေသကြီး,Myingyan
MMR010015,Myittha,မြစ်သား,MMR010,Mandalay,မန္တလေးတိုင်းဒေသကြီး,Myittha
MMR010019,Natogyi,နွားထိုးကြီး,MMR010,Mandalay,မန္တလေးတိုင်းဒေသကြီး,Natogyi
MMR010021,Ngazun,ငါန်းဇွန်,MMR010,Mandalay,မန္တလေးတိုင်းဒေသကြီး,Ngazun
MMR010022,Nyaung-U,ညောင်ဦး,MMR010,Mandalay,မန္တလေးတိုင်းဒေသကြီး,Nyaung-U
MMR010007,Patheingyi,ပုသိမ်ကြီး,MMR010,Mandalay,မန္တလေးတိုင်းဒေသကြီး,Patheingyi
MMR010024,Pyawbwe,ပျော်ဘွယ်,MMR010,Mandalay,မန္တလေးတိုင်းဒေသကြီး,Pyawbwe
MMR010005,Pyigyitagon,ပြည်ကြီးတံခွန်,MMR010,Mandalay,မန္တလေးတိုင်းဒေသကြီး,Pyigyitagon
MMR010008,Pyinoolwin,ပြင်ဦးလွင်,MMR010,Mandalay,မန္တလေးတိုင်းဒေသကြီး,Pyinoolwin
MMR010010,Singu,စဉ့်ကူး,MMR010,Mandalay,မန္တလေးတိုင်းဒေသကြီး,Singu
MMR010014,Sintgaing,စဉ့်ကိုင်,MMR010,Mandalay,မန္တလေးတိုင်းဒေသကြီး,Sintgaing
MMR010016,Tada-U,တံတားဦး,MMR010,Mandalay,မန္တလေးတိုင်းဒေသကြီး,Tada-U
MMR010018,Taungtha,တောင်သာ,MMR010,Mandalay,မန္တလေးတိုင်းဒေသကြီး,Taungtha
MMR010012,Thabeikkyin,သပိတ်ကျင်း,MMR010,Mandalay,မန္တလေးတိုင်းဒေသကြီး,Thabeikkyin
MMR010030,Thazi,သာစည်,MMR010,Mandalay,မန္တလေးတိုင်းဒေသကြီး,Thazi
MMR010031,Wundwin,ဝမ်းတွင်း,MMR010,Mandalay,မန္တလေးတိုင်းဒေသကြီး,Wundwin
MMR010023,Yamethin,ရမည်းသင်း,MMR010,Mandalay,မန္တလေးတိုင်းဒေသကြီး,Yamethin
MMR011010,Bilin,ဘီးလင်း,MMR011,Mon,မွန်ပြည်နယ်,Bilin
MMR011003,Chaungzon,ချောင်းဆုံ,MMR011,Mon,မွန်ပြည်နယ်,Chaungzon
MMR011002,Kyaikmaraw,ကျိုက်မရော,MMR011,Mon,မွန်ပြည်နယ်,Kyaikmaraw
MMR011009,Kyaikto,ကျိုက်ထို,MMR011,Mon,မွန်ပြည်နယ်,Kyaikto
MMR011001,Mawlamyine,မော်လမြိုင်,MMR011,Mon,မွန်ပြည်နယ်,Mawlamyine
MMR011005,Mudon,မုဒုံ,MMR011,Mon,မွန်ပြည်နယ်,Mudon
MMR011008,Paung,ပေါင်,MMR011,Mon,မွန်ပြည်နယ်,Paung
MMR011004,Thanbyuzayat,သံဖြူဇရပ်,MMR011,Mon,မွန်ပြည်နယ်,Thanbyuzayat
MMR011007,Thaton,သထုံ,MMR011,Mon,မွန်ပြည်နယ်,Thaton
MMR011006,Ye,ရေး,MMR011,Mon,မွန်ပြည်နယ်,Ye
MMR018004,Det Khi Na Thi Ri,ဒက္ခိဏသီရိ,MMR018,Nay Pyi Taw,နေပြည်တော်,Det Khi Na Thi Ri
MMR018007,Lewe,လယ်ဝေး,MMR018,Nay Pyi Taw,နေပြည်တော်,Lewe
MMR018008,Oke Ta Ra Thi Ri,ဥတ္တရသီရိ,MMR018,Nay Pyi Taw,နေပြည်တော်,Oke Ta Ra Thi Ri
MMR018005,Poke Ba Thi Ri,ပုဗ္ဗသီရိ,MMR018,Nay Pyi Taw,နေပြည်တော်,Poke Ba Thi Ri
MMR018006,Pyinmana,ပျဉ်းမနား,MMR018,Nay Pyi Taw,နေပြည်တော်,Pyinmana
MMR018003,Tatkon,တပ်ကုန်း,MMR018,Nay Pyi Taw,နေပြည်တော်,Tatkon
MMR018002,Za Bu Thi Ri,ဇမ္ဗူသီရိ,MMR018,Nay Pyi Taw,နေပြည်တော်,Za Bu Thi Ri
MMR018001,Zay Yar Thi Ri,ဇေယျာသီရိ,MMR018,Nay Pyi Taw,နေပြည်တော်,Zay Yar Thi Ri
MMR012014,Ann,အမ်း,MMR012,Rakhine,ရခိုင်ပြည်နယ်,Ann
MMR012010,Buthidaung,ဘူးသီးတောင်,MMR012,Rakhine,ရခိုင်ပြည်နယ်,Buthidaung
MMR012017,Gwa,ဂွ,MMR012,Rakhine,ရခိုင်ပြည်နယ်,Gwa
MMR012011,Kyaukpyu,ကျောက်ဖြူ,MMR012,Rakhine,ရခိုင်ပြည်နယ်,Kyaukpyu
MMR012004,Kyauktaw,ကျောက်တော်,MMR012,Rakhine,ရခိုင်ပြည်နယ်,Kyauktaw
MMR012009,Maungdaw,မောင်တော,MMR012,Rakhine,ရခိုင်ပြည်နယ်,Maungdaw
MMR012005,Minbya,မင်းပြား,MMR012,Rakhine,ရခိုင်ပြည်နယ်,Minbya
MMR012003,Mrauk-U,မြောက်ဦး,MMR012,Rakhine,ရခိုင်ပြည်နယ်,Mrauk-U
MMR012012,Munaung,မာန်အောင်,MMR012,Rakhine,ရခိုင်ပြည်နယ်,Munaung
MMR012006,Myebon,မြေပုံ,MMR012,Rakhine,ရခိုင်ပြည်နယ်,Myebon
MMR012007,Pauktaw,ပေါက်တော,MMR012,Rakhine,ရခိုင်ပြည်နယ်,Pauktaw
MMR012002,Ponnagyun,ပုဏ္ဏားကျွန်း,MMR012,Rakhine,ရခိုင်ပြည်နယ်,Ponnagyun
MMR012013,Ramree,ရမ်းဗြဲ,MMR012,Rakhine,ရခိုင်ပြည်နယ်,Ramree
MMR012008,Rathedaung,ရသေ့တောင်,MMR012,Rakhine,ရခိုင်ပြည်နယ်,Rathedaung
MMR012001,Sittwe,စစ်တွေ,MMR012,Rakhine,ရခိုင်ပြည်နယ်,Sittwe
MMR012015,Thandwe,သံတွဲ,MMR012,Rakhine,ရခိုင်ပြည်နယ်,Thandwe
MMR012016,Toungup,တောင်ကုတ်,MMR012,Rakhine,ရခိုင်ပြည်နယ်,Toungup
MMR005014,Ayadaw,အရာတော်,MMR005,Sagaing,စစ်ကိုင်းတိုင်းဒေသကြီး,Ayadaw
MMR005023,Banmauk,ဗန်းမောက်,MMR005,Sagaing,စစ်ကိုင်းတိုင်းဒေသကြီး,Banmauk
MMR005013,Budalin,ဘုတလင်,MMR005,Sagaing,စစ်ကိုင်းတိုင်းဒေသကြီး,Budalin
MMR005015,Chaung-U,ချောင်းဦး,MMR005,Sagaing,စစ်ကိုင်းတိုင်းဒေသကြီး,Chaung-U
MMR005033,Hkamti,ခန္တီး,MMR005,Sagaing,စစ်ကိုင်းတိုင်းဒေသကြီး,Hkamti
MMR005034,Homalin,ဟုမ္မလင်း,MMR005,Sagaing,စစ်ကိုင်းတိုင်းဒေသကြီး,Homalin
MMR005021,Indaw,အင်းတော်,MMR005,Sagaing,စစ်ကိုင်းတိုင်းဒေသကြီး,Indaw
MMR005027,Kale,ကလေး,MMR005,Sagaing,စစ်ကိုင်းတိုင်းဒေသကြီး,Kale
MMR005028,Kalewa,ကလေးဝ,MMR005,Sagaing,စစ်ကိုင်းတိုင်းဒေသကြီး,Kalewa
MMR005007,Kanbalu,ကန့်ဘလူ,MMR005,Sagaing,စစ်ကိုင်းတိုင်းဒေသကြီး,Kanbalu
MMR005017,Kani,ကနီ,MMR005,Sagaing,စစ်ကိုင်းတိုင်းဒေသကြီး,Kani
MMR005020,Katha,ကသာ,MMR005,Sagaing,စစ်ကိုင်းတိုင်းဒေသကြီး,Katha
MMR005024,Kawlin,ကောလင်း,MMR005,Sagaing,စစ်ကိုင်းတိုင်းဒေသကြီး,Kawlin
MMR005005,Khin-U,ခင်ဦး,MMR005,Sagaing,စစ်ကိုင်းတိုင်းဒေသကြီး,Khin-U
MMR005008,Kyunhla,ကျွန်းလှ,MMR005,Sagaing,စစ်ကိုင်းတိုင်းဒေသကြီး,Kyunhla
MMR005036,Lahe,လဟယ်,MMR005,Sagaing,စစ်ကိုင်းတိုင်းဒေသကြီး,Lahe
MMR005035,Layshi,လေရှီး,MMR005,Sagaing,စစ်ကိုင်းတိုင်းဒေသကြီး,Layshi
MMR005031,Mawlaik,မော်လိုက်,MMR005,Sagaing,စစ်ကိုင်းတိုင်းဒေသကြီး,Mawlaik
MMR005029,Mingin,မင်းကင်း,MMR005,Sagaing,စစ်ကိုင်းတိုင်းဒေသကြီး,Mingin
MMR005012,Monywa,မုံရွာ,MMR005,Sagaing,စစ်ကိုင်းတိုင်းဒေသကြီး,Monywa
MMR005003,Myaung,မြောင်,MMR005,Sagaing,စစ်ကိုင်းတိုင်းဒေသကြီး,Myaung
MMR005002,Myinmu,မြင်းမူ,MMR005,Sagaing,စစ်ကိုင်းတိုင်းဒေသကြီး,Myinmu
MMR005037,Nanyun,နန်းယွန်း,MMR005,Sagaing,စစ်ကိုင်းတိုင်းဒေသကြီး,Nanyun
MMR005019,Pale,ပုလဲ,MMR005,Sagaing,စစ်ကိုင်းတိုင်းဒေသကြီး,Pale
MMR005032,Paungbyin,ဖောင်းပြင်,MMR005,Sagaing,စစ်ကိုင်းတိုင်းဒေသကြီး,Paungbyin
MMR005026,Pinlebu,ပင်လည်ဘူး,MMR005,Sagaing,စစ်ကိုင်းတိုင်းဒေသကြီး,Pinlebu
MMR005001,Sagaing,စစ်ကိုင်း,MMR005,Sagaing,စစ်ကိုင်းတိုင်းဒေသကြီး,Sagaing
MMR005018,Salingyi,ဆားလင်းကြီး,MMR005,Sagaing,စစ်ကိုင်းတိုင်းဒေသကြီး,Salingyi
MMR005004,Shwebo,ရွှေဘို,MMR005,Sagaing,စစ်ကိုင်းတိုင်းဒေသကြီး,Shwebo
MMR005010,Tabayin,ဒီပဲယင်း,MMR005,Sagaing,စစ်ကိုင်းတိုင်းဒေသကြီး,Tabayin
MMR005030,Tamu,တမူး,MMR005,Sagaing,စစ်ကိုင်းတိုင်းဒေသကြီး,Tamu
MMR005011,Taze,တန့်ဆည်,MMR005,Sagaing,စစ်ကိုင်းတိုင်းဒေသကြီး,Taze
MMR005022,Tigyaing,ထီးချိုင့်,MMR005,Sagaing,စစ်ကိုင်းတိုင်းဒေသကြီး,Tigyaing
MMR005006,Wetlet,ဝက်လက်,MMR005,Sagaing,စစ်ကိုင်းတိုင်းဒေသကြီး,Wetlet
MMR005025,Wuntho,ဝန်းသို,MMR005,Sagaing,စစ်ကိုင်းတိုင်းဒေသကြီး,Wuntho
MMR005009,Ye-U,ရေဦး,MMR005,Sagaing,စစ်ကိုင်းတိုင်းဒေသကြီး,Ye-U
MMR005016,Yinmarbin,ယင်းမာပင်,MMR005,Sagaing,စစ်ကိုင်းတိုင်းဒေသကြီး,Yinmarbin
MMR016320,Ho Tawng (Ho Tao),ဟိုတောင်း,MMR222,Shan,ရှမ်းပြည်နယ်,Ho Tawng (Ho Tao)
MMR016001,Kengtung,ကျိုင်းတုံ,MMR222,Shan,ရှမ်းပြည်နယ်,Kengtung
MMR016319,Mong Hpen,မိုင်းဖျန်,MMR222,Shan,ရှမ်းပြည်နယ်,Mong Hpen
MMR016322,Mong Kar,မိုင်းကာ,MMR222,Shan,ရှမ်းပြည်နယ်,Mong Kar
MMR016321,Mong Pawk,မိုင်းပေါက်,MMR222,Shan,ရှမ်းပြည်နယ်,Mong Pawk
MMR016010,Monghpyak,မိုင်းဖြတ်,MMR222,Shan,ရှမ်းပြည်နယ်,Monghpyak
MMR016006,Monghsat,မိုင်းဆတ်,MMR222,Shan,ရှမ်းပြည်နယ်,Monghsat
MMR016002,Mongkhet,မိုင်းခတ်,MMR222,Shan,ရှမ်းပြည်နယ်,Mongkhet
MMR016005,Mongla,မိုင်းလား,MMR222,Shan,ရှမ်းပြည်နယ်,Mongla
MMR016007,Mongping,မိုင်းပျဉ်း,MMR222,Shan,ရှမ်းပြည်နယ်,Mongping
MMR016008,Mongton,မိုင်းတုံ,MMR222,Shan,ရှမ်းပြည်နယ်,Mongton
MMR016003,Mongyang,မိုင်းယန်း,MMR222,Shan,ရှမ်းပြည်နယ်,Mongyang
MMR016011,Mongyawng,မိုင်းယောင်း,MMR222,Shan,ရှမ်းပြည်နယ်,Mongyawng
MMR016323,Nam Hpai,နမ့်ဖိုင်,MMR222,Shan,ရှမ်းပြည်နယ်,Nam Hpai
MMR016009,Tachileik,တာချီလိတ်,MMR222,Shan,ရှမ်းပြည်နယ်,Tachileik
MMR015311,Aik Chan (Ai' Chun),အိုက်ချန်,MMR222,Shan,ရှမ်းပြည်နယ်,Aik Chan (Ai' Chun)
MMR015203,Chinshwehaw Sub-township (Kokang SAZ),ချင်းရွှေဟော်မြို့နယ်ခွဲ (အထူးဒေသ ၁),MMR222,Shan,ရှမ်းပြည်နယ်,Chinshwehaw Sub-township (Kokang SAZ)
MMR015306,Hkun Mar (Hkwin Ma),ခွန်းမား,MMR222,Shan,ရှမ်းပြည်နယ်,Hkun Mar (Hkwin Ma)
MMR015021,Hopang,ဟိုပန်,MMR222,Shan,ရှမ်းပြည်နယ်,Hopang
MMR015305,Hsawng Hpa (Saun Pha),ဆောင်ဖ,MMR222,Shan,ရှမ်းပြည်နယ်,Hsawng Hpa (Saun Pha)
MMR015002,Hseni,သိန္နီ,MMR222,Shan,ရှမ်းပြည်နယ်,Hseni
MMR015014,Hsipaw,သီပေါ,MMR222,Shan,ရှမ်းပြည်နယ်,Hsipaw
MMR015310,Ka Lawng Hpar,ကလောင်ဖါ,MMR222,Shan,ရှမ်းပြည်နယ်,Ka Lawng Hpar
MMR015304,Kawng Min Hsang,ကောင်မင်ဆန်း,MMR222,Shan,ရှမ်းပြည်နယ်,Kawng Min Hsang
MMR015023,Konkyan,ကုန်းကြမ်း,MMR222,Shan,ရှမ်းပြည်နယ်,Konkyan
MMR015201,Konkyan (Kokang SAZ),ကုန်းကြမ်း (အထူးဒေသ ၁),MMR222,Shan,ရှမ်းပြည်နယ်,Konkyan (Kokang SAZ)
MMR015020,Kunlong,ကွမ်းလုံ,MMR222,Shan,ရှမ်းပြည်နယ်,Kunlong
MMR015011,Kutkai,ကွတ်ခိုင်,MMR222,Shan,ရှမ်းပြည်နယ်,Kutkai
MMR015012,Kyaukme,ကျောက်မဲ,MMR222,Shan,ရှမ်းပြည်နယ်,Kyaukme
MMR015001,Lashio,လားရှိုး,MMR222,Shan,ရှမ်းပြည်နယ်,Lashio
MMR015022,Laukkaing,လောက်ကိုင်,MMR222,Shan,ရှမ်းပြည်နယ်,Laukkaing
MMR015202,Laukkaing (Kokang SAZ),လောက်ကိုင် (အထူးဒေသ ၁),MMR222,Shan,ရှမ်းပြည်နယ်,Laukkaing (Kokang SAZ)
MMR015309,Lin Haw,လင်ဟော်,MMR222,Shan,ရှမ်းပြည်နယ်,Lin Haw
MMR015307,Long Htan,လုံထန်,MMR222,Shan,ရှမ်းပြည်နယ်,Long Htan
MMR015018,Mabein,မဘိမ်း,MMR222,Shan,ရှမ်းပြည်နယ်,Mabein
MMR015313,Man Man Hseng,မန်မန်ဆိုင်,MMR222,Shan,ရှမ်းပြည်နယ်,Man Man Hseng
MMR015303,Man Tun,မန်တွန်း,MMR222,Shan,ရှမ်းပြည်နယ်,Man Tun
MMR015019,Manton,မန်တုံ,MMR222,Shan,ရှမ်းပြည်နယ်,Manton
MMR015024,Matman,မက်မန်း,MMR222,Shan,ရှမ်းပြည်နယ်,Matman
MMR015008,Mongmao,မိုင်းမော,MMR222,Shan,ရှမ်းပြည်နယ်,Mongmao
MMR015017,Mongmit,မိုးမိတ်,MMR222,Shan,ရှမ်းပြည်နယ်,Mongmit
MMR015003,Mongyai,မိုင်းရယ်,MMR222,Shan,ရှမ်းပြည်နယ်,Mongyai
MMR015009,Muse,မူဆယ်,MMR222,Shan,ရှမ်းပြည်နယ်,Muse
MMR015315,Nam Hkam Wu,နမ်ခမ်းဝူး,MMR222,Shan,ရှမ်းပြည်နယ်,Nam Hkam Wu
MMR015301,Nam Tit,နမ့် တစ်,MMR222,Shan,ရှမ်းပြည်နယ်,Nam Tit
MMR015010,Namhkan,နမ့်ခမ်း,MMR222,Shan,ရှမ်းပြည်နယ်,Namhkan
MMR015016,Namhsan,နမ့်ဆန်,MMR222,Shan,ရှမ်းပြည်နယ်,Namhsan
MMR015015,Namtu,နမ္မတူ,MMR222,Shan,ရှမ်းပြည်နယ်,Namtu
MMR015316,Nar Kawng,နားကောင်,MMR222,Shan,ရှမ်းပြည်နယ်,Nar Kawng
MMR015302,Nar Wee (Na Wi),နာဝီး,MMR222,Shan,ရှမ်းပြည်နယ်,Nar Wee (Na Wi)
MMR015006,Narphan,နားဖန်း,MMR222,Shan,ရှမ်းပြည်နယ်,Narphan
MMR015314,Nawng Hkit,နောင်ခစ်,MMR222,Shan,ရှမ်းပြည်နယ်,Nawng Hkit
MMR015013,Nawnghkio,နောင်ချို,MMR222,Shan,ရှမ်းပြည်နယ်,Nawnghkio
MMR015317,Pang Hkam,ပန်ခမ့်,MMR222,Shan,ရှမ်းပြည်နယ်,Pang Hkam
MMR015318,Pang Yang,ပန်ယန်း,MMR222,Shan,ရှမ်းပြည်နယ်,Pang Yang
MMR015005,Pangsang (Panghkam),ပန်ဆန်း (ပန်ခမ်း),MMR222,Shan,ရှမ်းပြည်နယ်,Pangsang (Panghkam)
MMR015007,Pangwaun,ပန်ဝိုင်,MMR222,Shan,ရှမ်းပြည်နယ်,Pangwaun
MMR015004,Tangyan,တန့်ယန်း,MMR222,Shan,ရှမ်းပြည်နယ်,Tangyan
MMR015308,Yawng Lin,ယောင်လင်း,MMR222,Shan,ရှမ်းပြည်နယ်,Yawng Lin
MMR015312,Yin Pang,ရင်ဖန့်,MMR222,Shan,ရှမ်းပြည်နယ်,Yin Pang
MMR014003,Hopong,ဟိုပုံး,MMR222,Shan,ရှမ်းပြည်နယ်,Hopong
MMR014004,Hsihseng,ဆီဆိုင်,MMR222,Shan,ရှမ်းပြည်နယ်,Hsihseng
MMR014005,Kalaw,ကလော,MMR222,Shan,ရှမ်းပြည်နယ်,Kalaw
MMR014014,Kunhing,ကွန်ဟိန်း,MMR222,Shan,ရှမ်းပြည်နယ်,Kunhing
MMR014015,Kyethi,ကျေးသီး,MMR222,Shan,ရှမ်းပြည်နယ်,Kyethi
MMR014012,Laihka,လဲချား,MMR222,Shan,ရှမ်းပြည်နယ်,Laihka
MMR014018,Langkho,လင်းခေး,MMR222,Shan,ရှမ်းပြည်နယ်,Langkho
MMR014008,Lawksawk,ရပ်စောက်,MMR222,Shan,ရှမ်းပြည်နယ်,Lawksawk
MMR014011,Loilen,လွိုင်လင်,MMR222,Shan,ရှမ်းပြည်နယ်,Loilen
MMR014020,Mawkmai,မောက်မယ်,MMR222,Shan,ရှမ်းပြည်နယ်,Mawkmai
MMR014017,Monghsu,မိုင်းရှူး,MMR222,Shan,ရှမ်းပြည်နယ်,Monghsu
MMR014016,Mongkaing,မိုင်းကိုင်,MMR222,Shan,ရှမ်းပြည်နယ်,Mongkaing
MMR014019,Mongnai,မိုးနဲ,MMR222,Shan,ရှမ်းပြည်နယ်,Mongnai
MMR014021,Mongpan,မိုင်းပန်,MMR222,Shan,ရှမ်းပြည်နယ်,Mongpan
MMR014013,Nansang,နမ့်စန်,MMR222,Shan,ရှမ်းပြည်နယ်,Nansang
MMR014002,Nyaungshwe,ညောင်ရွှေ,MMR222,Shan,ရှမ်းပြည်နယ်,Nyaungshwe
MMR014010,Pekon,ဖယ်ခုံ,MMR222,Shan,ရှမ်းပြည်နယ်,Pekon
MMR014006,Pindaya,ပင်းတယ,MMR222,Shan,ရှမ်းပြည်နယ်,Pindaya
MMR014009,Pinlaung,ပင်လောင်း,MMR222,Shan,ရှမ်းပြည်နယ်,Pinlaung
MMR014001,Taunggyi,တောင်ကြီး,MMR222,Shan,ရှမ်းပြည်နယ်,Taunggyi
MMR014007,Ywangan,ရွာငံ,MMR222,Shan,ရှမ်းပြည်နယ်,Ywangan
MMR006010,Bokpyin,ဘုတ်ပြင်း,MMR006,Tanintharyi,တနင်္သာရီတိုင်းဒေသကြီး,Bokpyin
MMR006001,Dawei,ထားဝယ်,MMR006,Tanintharyi,တနင်္သာရီတိုင်းဒေသကြီး,Dawei
MMR006009,Kawthoung,ကော့သောင်း,MMR006,Tanintharyi,တနင်္သာရီတိုင်းဒေသကြီး,Kawthoung
MMR006006,Kyunsu,ကျွန်းစု,MMR006,Tanintharyi,တနင်္သာရီတိုင်းဒေသကြီး,Kyunsu
MMR006002,Launglon,လောင်းလုံး,MMR006,Tanintharyi,တနင်္သာရီတိုင်းဒေသကြီး,Launglon
MMR006005,Myeik,မြိတ်,MMR006,Tanintharyi,တနင်္သာရီတိုင်းဒေသကြီး,Myeik
MMR006007,Palaw,ပုလော,MMR006,Tanintharyi,တနင်္သာရီတိုင်းဒေသကြီး,Palaw
MMR006008,Tanintharyi,တနင်္သာရီ,MMR006,Tanintharyi,တနင်္သာရီတိုင်းဒေသကြီး,Tanintharyi
MMR006003,Thayetchaung,သရက်ချောင်း,MMR006,Tanintharyi,တနင်္သာရီတိုင်းဒေသကြီး,Thayetchaung
MMR006004,Yebyu,ရေဖြူ,MMR006,Tanintharyi,တနင်္သာရီတိုင်းဒေသကြီး,Yebyu
MMR013037,Ahlone,အလုံ,MMR013,Yangon,ရန်ကုန်တိုင်းဒေသကြီး,Ahlone
MMR013044,Bahan,ဗဟန်း,MMR013,Yangon,ရန်ကုန်တိုင်းဒေသကြီး,Bahan
MMR013017,Botahtaung,ဗိုလ်တထောင်,MMR013,Yangon,ရန်ကုန်တိုင်းဒေသကြီး,Botahtaung
MMR013032,Cocokyun,ကိုကိုးကျွန်း,MMR013,Yangon,ရန်ကုန်တိုင်းဒေသကြီး,Cocokyun
MMR013043,Dagon,ဒဂုံ,MMR013,Yangon,ရန်ကုန်တိုင်းဒေသကြီး,Dagon
MMR013020,Dagon Myothit (East),ဒဂုံမြို့သစ် (အရှေ့ပိုင်း),MMR013,Yangon,ရန်ကုန်တိုင်းဒေသကြီး,Dagon Myothit (East)
MMR013019,Dagon Myothit (North),ဒဂုံမြို့သစ် (မြောက်ပိုင်း),MMR013,Yangon,ရန်ကုန်တိုင်းဒေသကြီး,Dagon Myothit (North)
MMR013021,Dagon Myothit (Seikkan),ဒဂုံမြို့သစ် (ဆိပ်ကမ်း),MMR013,Yangon,ရန်ကုန်တိုင်းဒေသကြီး,Dagon Myothit (Seikkan)
MMR013018,Dagon Myothit (South),ဒဂုံမြို့သစ် (တောင်ပိုင်း),MMR013,Yangon,ရန်ကုန်တိုင်းဒေသကြီး,Dagon Myothit (South)
MMR013030,Dala,ဒလ,MMR013,Yangon,ရန်ကုန်တိုင်းဒေသကြီး,Dala
MMR013014,Dawbon,ဒေါပုံ,MMR013,Yangon,ရန်ကုန်တိုင်းဒေသကြီး,Dawbon
MMR013040,Hlaing,လှိုင်,MMR013,Yangon,ရန်ကုန်တိုင်းဒေသကြီး,Hlaing
MMR013004,Hlegu,လှည်းကူး,MMR013,Yangon,ရန်ကုန်တိုင်းဒေသကြီး,Hlegu
MMR013003,Hmawbi,မှော်ဘီ,MMR013,Yangon,ရန်ကုန်တိုင်းဒေသကြီး,Hmawbi
MMR013006,Htantabin,ထန်းတပင်,MMR013,Yangon,ရန်ကုန်တိုင်းဒေသကြီး,Htantabin
MMR013001,Insein,အင်းစိန်,MMR013,Yangon,ရန်ကုန်တိုင်းဒေသကြီး,Insein
MMR013041,Kamaryut,ကမာရွတ်,MMR013,Yangon,ရန်ကုန်တိုင်းဒေသကြီး,Kamaryut
MMR013028,Kawhmu,ကော့မှူး,MMR013,Yangon,ရန်ကုန်တိုင်းဒေသကြီး,Kawhmu
MMR013026,Kayan,ခရမ်း,MMR013,Yangon,ရန်ကုန်တိုင်းဒေသကြီး,Kayan
MMR013029,Kungyangon,ကွမ်းခြံကုန်း,MMR013,Yangon,ရန်ကုန်တိုင်းဒေသကြီး,Kungyangon
MMR013033,Kyauktada,ကျောက်တံတား,MMR013,Yangon,ရန်ကုန်တိုင်းဒေသကြီး,Kyauktada
MMR013024,Kyauktan,ကျောက်တန်း,MMR013,Yangon,ရန်ကုန်တိုင်းဒေသကြီး,Kyauktan
MMR013038,Kyeemyindaing,ကြည့်မြင်တိုင်,MMR013,Yangon,ရန်ကုန်တိုင်းဒေသကြီး,Kyeemyindaing
MMR013035,Lanmadaw,လမ်းမတော်,MMR013,Yangon,ရန်ကုန်တိုင်းဒေသကြီး,Lanmadaw
MMR013036,Latha,လသာ,MMR013,Yangon,ရန်ကုန်တိုင်းဒေသကြီး,Latha
MMR013042,Mayangone,မရမ်းကုန်း,MMR013,Yangon,ရန်ကုန်တိုင်းဒေသကြီး,Mayangone
MMR013002,Mingaladon,မင်္ဂလာဒုံ,MMR013,Yangon,ရန်ကုန်တိုင်းဒေသကြီး,Mingaladon
MMR013022,Mingalartaungnyunt,မင်္ဂလာတောင်ညွန့်,MMR013,Yangon,ရန်ကုန်တိုင်းဒေသကြီး,Mingalartaungnyunt
MMR013012,North Okkalapa,မြောက်ဥက္ကလာပ,MMR013,Yangon,ရန်ကုန်တိုင်းဒေသကြီး,North Okkalapa
MMR013034,Pabedan,ပန်းဘဲတန်း,MMR013,Yangon,ရန်ကုန်တိုင်းဒေသကြီး,Pabedan
MMR013016,Pazundaung,ပုဇွန်တောင်,MMR013,Yangon,ရန်ကုန်တိုင်းဒေသကြီး,Pazundaung
MMR013039,Sanchaung,စမ်းချောင်း,MMR013,Yangon,ရန်ကုန်တိုင်းဒေသကြီး,Sanchaung
MMR013031,Seikgyikanaungto,ဆိပ်ကြီး/ခနောင်တို,MMR013,Yangon,ရန်ကုန်တိုင်းဒေသကြီး,Seikgyikanaungto
MMR013007,Shwepyithar,ရွှေပြည်သာ,MMR013,Yangon,ရန်ကုန်တိုင်းဒေသကြီး,Shwepyithar
MMR013011,South Okkalapa,တောင်ဥက္ကလာပ,MMR013,Yangon,ရန်ကုန်တိုင်းဒေသကြီး,South Okkalapa
MMR013005,Taikkyi,တိုက်ကြီး,MMR013,Yangon,ရန်ကုန်တိုင်းဒေသကြီး,Taikkyi
MMR013015,Tamwe,တာမွေ,MMR013,Yangon,ရန်ကုန်တိုင်းဒေသကြီး,Tamwe
MMR013013,Thaketa,သာကေတ,MMR013,Yangon,ရန်ကုန်တိုင်းဒေသကြီး,Thaketa
MMR013023,Thanlyin,သန်လျင်,MMR013,Yangon,ရန်ကုန်တိုင်းဒေသကြီး,Thanlyin
MMR013009,Thingangyun,သင်္ဃန်းကျွန်း,MMR013,Yangon,ရန်ကုန်တိုင်းဒေသကြီး,Thingangyun
MMR013025,Thongwa,သုံးခွ,MMR013,Yangon,ရန်ကုန်တိုင်းဒေသကြီး,Thongwa
MMR013027,Twantay,တွံတေး,MMR013,Yangon,ရန်ကုန်တိုင်းဒေသကြီး,Twantay
MMR013010,Yankin,ရန်ကင်း,MMR013,Yangon,ရန်ကုန်တိုင်းဒေသကြီး,Yankin
MMR013046,Hlaingtharya (East),လှိုင်သာယာ (အရှေ့ပိုင်း),MMR013,Yangon,ရန်ကုန်တိုင်းဒေသကြီး,Hlaingtharya (East)
MMR013047,Hlaingtharya (West),လှိုင်သာယာ (အနောက်ပိုင်း),MMR013,Yangon,ရန်ကုန်တိုင်းဒေသကြီး,Hlaingtharya (West)
