merchant_code,merchant_name,business_type,contact_person,phone_primary,phone_secondary,email,address_line_1,address_line_2,township,city,region_state,default_pickup_address,default_pickup_time_window,payment_terms,contract_status,is_active,standard_allowance_kg,special_allowance_kg,extra_per_kg_mmk
ALN,Alnoor,Online Shop,Gon Gon,09448088835,09448088835,,အမှတ် (၁၅၂၆)၊ (၄၅)ရပ်ကွက်၊ ​ဇော်ဂျီလမ်း ၊ ၊မြောက်ဒဂုံ,အမှတ် (၁၅၂၆)၊ (၄၅)ရပ်ကွက်၊ ​ဇော်ဂျီလမ်း ၊ ၊မြောက်ဒဂုံ,North Dagon,Yangon,Yangon Region,"No. (1526), Ward (45), Zawgyi Road, North Dagon",01:00-05:00,COD,Inactive,false,3,5,500
APA,APAC,Online Shop,Ma Wai Zin Phyo,09888867040,09405073835,,အမှတ်(၇)၊စံပါယ် (၇)လမ်း၊ဘိုးလိန်းအောင်မင်္ဂလာရပ်ကွက်၊ယုဇနပလာဇာအနောက်ဘက် ၊  APAC Tower,အမှတ်(၇)၊စံပါယ် (၇)လမ်း၊ဘိုးလိန်းအောင်မင်္ဂလာရပ်ကွက်၊ယုဇနပလာဇာအနောက်ဘက် ၊  APAC Tower,Tamwe,Yangon,Yangon Region,"No. (7), San Pale (7) Street, Bo Lein Aung Mingalar Ward, west of Yuzana Plaza, APAC Tower",,COD,Active,true,3,5,500
APS,Aung Pyae Sone,Online Shop,Ei Zar,09752660008,09265792937,,အမှတ်(၇)၊ ဧရာဝဏ်လမ်းမကြီးဘေး၊ကွေ့မအိမ်ရာ၊ (၁၀)မြောက် ရပ်ကွက်,အမှတ်(၇)၊ ဧရာဝဏ်လမ်းမကြီးဘေး၊ကွေ့မအိမ်ရာ၊ (၁၀)မြောက် ရပ်ကွက်,Thaketa,Yangon,Yangon Region,"No. (7), beside Ayeyarwun Main Road, Kwe Ma Housing, 10th Ward",03:00-06:00,COD,Active,true,3,5,500
BBG,Baby Genius,Online Shop,Lin Lin Htet,09766482813,09796239153,,အမှတ်(၂၈၄/၉၇၉)၊ဗိုလ်မိုးကြိုးလမ်း၊ (၉)ရပ်ကွက်၊ အရှေ့ဒဂုံ,အမှတ်(၂၈၄/၉၇၉)၊ဗိုလ်မိုးကြိုးလမ်း၊ (၉)ရပ်ကွက်၊ အရှေ့ဒဂုံ,East Dagon,Yangon,Yangon Region,"No. (284/979), Bo Moe Kyo Road, Ward (9), East Dagon",04:00-06:00,COD,Active,true,3,5,500
BBK,Baby Kyaw,Online Shop,Hlaing Hlaing Oo,09796491867,09796491867,,အမှတ်(၁၁၅)က၊ ၉ရပ်ကွက်၊ယုဇနလမ်း၊ ရွှေပြည်သာ,အမှတ်(၁၁၅)က၊ ၉ရပ်ကွက်၊ယုဇနလမ်း၊ ရွှေပြည်သာ,Shwe Pyi Thar,Yangon,Yangon Region,"No. (115-Ka), Ward (9), Yuzana Road, Shwe Pyi Thar",03:00-06:00,COD,Active,true,3,5,500
BBR,Best Buy in Rangoon,Online Shop,Ei Htet Htet Min,09977730920,09977730920,,အမှတ်(၂)၊ မြေညီထပ်၊မဟာဘောဂလမ်း၊လှည်းတန်း,အမှတ်(၂)၊ မြေညီထပ်၊မဟာဘောဂလမ်း၊လှည်းတန်း,Kamayut,Yangon,Yangon Region,"No. (2), Ground Floor, Maha Bawga Road, Hledan",04:00-06:00,COD,Inactive,false,3,5,500
BBT,BabyTop,Online Shop,Dawn No No Ko,09699468766,09699468766,,အမှတ် (၂၃)၊လမ်း (၁၃၀) နဲ့သုံးမြှောင့်လမ်းထောင့် မဂ်လာတောင်ညွှန့်,အမှတ် (၂၃)၊လမ်း (၁၃၀) နဲ့သုံးမြှောင့်လမ်းထောင့် မဂ်လာတောင်ညွှန့်,Mingala Taung Nyunt,Yangon,,"No. (23), corner of 130th Street and Thone Myaung Road, Mingalar Taung Nyunt",,,,false,3,5,500
CUY,Curvy (Office),Online Shop,Su Wint Htet,09776527618,09776527618,,အမှတ် (၈၉၆) ၊အောင်သီရိ(၂)လမ်း ၊ (၂၈) ရပ်ကွက်,အမှတ် (၈၉၆) ၊အောင်သီရိ(၂)လမ်း ၊ (၂၈) ရပ်ကွက်,North Dagon,Yangon,Yangon Region,"No. (896), Aung Thiri (2) Street, Ward (28)",03:00-06:00,COD,Active,true,3,5,500
CUY(YK),Curvy (Yankin),Online Shop,Curvy Yankin,09-772233150,,,အမှတ်(၂၁၇)၊သစ္စာလမ်း၊ (၁၃)ရပ်ကွက်၊ရန်ကင်း,အမှတ်(၂၁၇)၊သစ္စာလမ်း၊ (၁၃)ရပ်ကွက်၊ရန်ကင်း,Yankin,Yangon,Yangon Region,"No. (217), Thitsar Road, Ward (13), Yankin",,,,,3,5,500
CUY(JS),Curvy (Junction Square),Online Shop,Curvy Junction Square,09-754614522,,,Junction Square Shopping Mall၊ပထမထပ်၊ ပြည်လမ်း နှင့် ကျွန်းတောလမ်း၊ ကမာရွတ်,Junction Square Shopping Mall၊ပထမထပ်၊ ပြည်လမ်း နှင့် ကျွန်းတောလမ်း၊ ကမာရွတ်,Kamayut,Yangon,Yangon Region,"Junction Square Shopping Mall, First Floor, Pyay Road and Kyun Taw Road, Kamayut",,,,,3,5,500
DDC,DDC BC,Online Shop,Ma Zinmar,0969793443,,,အမှတ် (၄၂၂) ၊ဗိုလ်မြတ်ထွန်းလမ်း၊ ဇီဇဝါလမ်းထောင့်၊ (၄၇)ရပ်ကွက်,အမှတ် (၄၂၂) ၊ဗိုလ်မြတ်ထွန်းလမ်း၊ ဇီဇဝါလမ်းထောင့်၊ (၄၇)ရပ်ကွက်,North Dagon,Yangon,Yangon Region,"No. (422), Bo Myat Tun Road, corner of Zizawar Road, Ward (47)",03:00-06:00,COD,Inactive,false,3,5,500
DSD,Daw Sanda,Online Shop,Daw Sanda,09776110406,,,အမှတ် (၄၃၉)/နေကြာ ၁လမ်း/၅၀ရပ်ကွက်/မြောက်ဒဂုံ/ရန်ကုန်။,အမှတ် (၄၃၉)/နေကြာ ၁လမ်း/၅၀ရပ်ကွက်/မြောက်ဒဂုံ/ရန်ကုန်။,North Dagon,Yangon,Yangon Region,"No. (439), Nay Kyar 1 Street, Ward (50), North Dagon, Yangon",,,,false,3,5,500
ETE,Ei Tone,Online Shop,Ei Tone,095409045,,,တိုက်အမှတ် (၃၁)၊ အခန်း၆အနောက်ကြို့ကုန်းရိပ်သာ ကြို့ကုန်းပန်းစျေးအကျော် ၂လမ်းမြောက်ပါ (လမ်းနာမည်မရှိ) လို့ အင်းစိန်ကညန သွားတဲ့လမ်းပေါ်,တိုက်အမှတ် (၃၁)၊ အခန်း၆အနောက်ကြို့ကုန်းရိပ်သာ ကြို့ကုန်းပန်းစျေးအကျော် ၂လမ်းမြောက်ပါ (လမ်းနာမည်မရှိ) လို့ အင်းစိန်ကညန သွားတဲ့လမ်းပေါ်,Insein,Yangon,Yangon Region,"Building No. (31), Room 6, West Kyo Kone Yeiktha, second street after Kyo Kone Flower Market, unnamed street on the road to Insein RTAD",,,,false,3,5,500
HAM,HAIM,Online Shop,Si Kyaw Si Thu,0424426681,,,အမှတ်(၆၆၅)၊ ဗိုလ်စောအောင်လမ်း၊ (၉) ရပ်ကွက်၊ အရှေ့ဒဂုံမြို့နယ်၊ရန်ကုန်တိုင်း,အမှတ်(၆၆၅)၊ ဗိုလ်စောအောင်လမ်း၊ (၉) ရပ်ကွက်၊ အရှေ့ဒဂုံမြို့နယ်၊ရန်ကုန်တိုင်း,East Dagon,Yangon,Yangon Region,"No. (665), Bo Saw Aung Road, Ward (9), East Dagon Township, Yangon Region",04:00-06:00,COD,Active,true,3,5,500
HMS,Hla Myittar Shin,Online Shop,Ko Tun,09264365636,,,အမှတ် (၅၄၂)၊ လေးထောင့်ကန်ရပ်ကွက်၊ကန်တော်လမ်း၊ သင်္ဃန်းကျွန်း,အမှတ် (၅၄၂)၊ လေးထောင့်ကန်ရပ်ကွက်၊ကန်တော်လမ်း၊ သင်္ဃန်းကျွန်း,Thingangyun,Yangon,Yangon Region,"No. (542), Lay Daunk Kan Ward, Kandaw Road, Thingangyun",03:00-06:00,COD,Active,true,3,5,500
JLS,July Sis,Online Shop,Thae Thae,09698793840,,,အမှတ်(၂၃၂)၊ စက္ကဝတ်(၃)လမ်း၊ ဈစျေး၊မြောက်ဉက္ကလာ,အမှတ်(၂၃၂)၊ စက္ကဝတ်(၃)လမ်း၊ ဈစျေး၊မြောက်ဉက္ကလာ,North Okkalapa,Yangon,Yangon Region,"No. (232), Sakkawat (3) Street, Zay Market, North Okkalapa",,COD,Active,true,3,5,500
KKK,Ko Kyaw Clothing,Online Shop,Ko Kyaw Clothing,09988198263,,,"အမှတ် (၂၃), လွတ်လပ်ရေးလမ်းသွယ်(၁), (ဂ)ရပ်ကွက်, သင်္ဃန်းကျွန်း","အမှတ် (၂၃), လွတ်လပ်ရေးလမ်းသွယ်(၁), (ဂ)ရပ်ကွက်, သင်္ဃန်းကျွန်း",Thingangyun,Yangon,Yangon Region,"No. (23), Lutlatyay Lane (1), Ward (Ga), Thingangyun",03:00-06:00,COD,Active,true,3,5,500
LOS,Lady OS,Online Shop,Zin Mar Nwe,09981435810,09797540398,,အမှတ်(၆၃)၊ ဖို့မြေလမ်း၊ မြန်မာ့ဂုဏ်ရည်လမ်းပေါ်၊ မင်္ဂလာတောင်ညွန့်,အမှတ်(၆၃)၊ ဖို့မြေလမ်း၊ မြန်မာ့ဂုဏ်ရည်လမ်းပေါ်၊ မင်္ဂလာတောင်ညွန့်,Mingala Taung Nyunt,Yangon,Yangon Region,"No. (63), Pho Mye Road, on Myanmar Gon Yi Road, Mingalar Taung Nyunt",03:00-06:00,COD,Active,true,3,5,500
MBO,MaBel OS,Online Shop,Myint Zu,09893341595,,,အမှတ်(၈၂၅)/B၊ စောရန်ပိုင်လမ်း၊ ၂၉ရပ်ကွက်၊ မြောက်ဒဂုံ,အမှတ်(၈၂၅)/B၊ စောရန်ပိုင်လမ်း၊ ၂၉ရပ်ကွက်၊ မြောက်ဒဂုံ,North Dagon,Yangon,Yangon Region,"No. (825/B), Saw Yan Paing Road, Ward (29), North Dagon",04:00-06:00,COD,Active,true,3,5,500
MDY,Mandalay Branch,Branch Office,Ma Khin Nyein Chan,09765540091,,,အိမ်အမှတ် (B/4) ၊၆၅ လမ်း ၃၀ x ၃၁ ကြား ၊ မန္တလေး,အိမ်အမှတ် (B/4) ၊၆၅ လမ်း ၃၀ x ၃၁ ကြား ၊ မန္တလေး,Mandalay,Mandalay,Mandalay,"House No. (B/4), 65th Street, between 30th and 31st Streets, Mandalay",,COD,Active,false,3,5,500
MEL,Mee Lay,Online Shop,Win Pa Pa Htay,09799737996,,,"အမှတ် (၂၂၁၂)၊ မဟာဗန္ဓုလလမ်း၊လှော်ကားအောက်ဂိတ်မှတ်တိုင်
ရွှေပြည်သာ","အမှတ် (၂၂၁၂)၊ မဟာဗန္ဓုလလမ်း၊လှော်ကားအောက်ဂိတ်မှတ်တိုင်
ရွှေပြည်သာ",Shwe Pyi Thar,Yangon,Yangon Region,"No. (2212), Maha Bandula Road, Hlawga Lower Gate Bus Stop, Shwe Pyi Thar",04:00-06:00,COD,Active,true,3,5,500
NDN,NDN,Online Shop,Shan Noe,09890334723,,,"အမှတ်-(၁၀၀၀),အနော်ရထာလမ်း၊ (၃၈)ရပ်ကွက်","အမှတ်-(၁၀၀၀),အနော်ရထာလမ်း၊ (၃၈)ရပ်ကွက်",North Dagon,Yangon,Yangon Region,"No. (1000), Anawrahta Road, Ward (38)",,COD,Active,true,3,5,500
NFS,Nwe Fashion,Online Shop,Ma Nwe,09777099242,,,အမှတ်(၅၇)၊ စည်ပင်လမ်း၊၁၉(က) ရပ်ကွက်၊ တောင်ဒဂုံ,အမှတ်(၅၇)၊ စည်ပင်လမ်း၊၁၉(က) ရပ်ကွက်၊ တောင်ဒဂုံ,South Dagon,Yangon,Yangon Region,"No. (57), Sipin Road, Ward 19(A), South Dagon",03:00-06:00,COD,Active,true,3,5,500
NFT,Nfinity,Online Shop,Kyal Sin,09794908400,,,Blk14(B)၊ဧရာချမ်းသာကွန်ဒို၊ ဒဂုံဆိပ်ကမ်းမြို့နယ်၊ ဧရာဝဏ်လမ်းမကြီး,Blk14(B)၊ဧရာချမ်းသာကွန်ဒို၊ ဒဂုံဆိပ်ကမ်းမြို့နယ်၊ ဧရာဝဏ်လမ်းမကြီး,South Dagon,Yangon,Yangon Region,"Block 14(B), Ayar Chan Thar Condo, Dagon Seikkan Township, Ayeyarwun Main Road",03:00-06:00,COD,Active,true,3,5,500
NHT,Nan Htike Tan,Online Shop,Nan Htike Tan,09764881098,,,အမှတ်(၆၈၉)၊ မေယု(၄)လမ်း ၊ ၆ရပ်ကွက် အရှေ့ဒဂုံ,အမှတ်(၆၈၉)၊ မေယု(၄)လမ်း ၊ ၆ရပ်ကွက် အရှေ့ဒဂုံ,East Dagon,Yangon,Yangon Region,"No. (689), Mayu (4) Street, Ward (6), East Dagon",,,,false,3,5,500
NPT,Nay Pyi Taw Branch,Branch Office,Ma Moh Moh Thant,09782326699,,,အမှတ်(၅)၊ အောင်ဇဗ္ဗူ(၉)ရပ်ကွက်၊နေပြည်တော်ကောင်စီ‌ရှေ့၊ ဇဗ္ဗူသီရိမြို့နယ်၊နေပြည်တော်,အမှတ်(၅)၊ အောင်ဇဗ္ဗူ(၉)ရပ်ကွက်၊နေပြည်တော်ကောင်စီ‌ရှေ့၊ ဇဗ္ဗူသီရိမြို့နယ်၊နေပြည်တော်,Nay Pyi Taw,Yangon,Yangon Region,"No. (5), Aung Zabu Ward (9), in front of Naypyidaw Council, Zabuthiri Township, Naypyidaw",,,,false,3,5,500
PLE,Pleasure,Online Shop,Aye Pwint Phyu,09740908663,09673333788,,အမှတ် (၅၇)၊ ငုဝါလမ်း၊ အလုံ,အမှတ် (၅၇)၊ ငုဝါလမ်း၊ အလုံ,Alone,Yangon,Yangon Region,"No. (57), Ngu Wah Road, Ahlone",,,,false,3,5,500
POC,PO Clothing,Online Shop,Ko Thet Oo,09420093957,,,"အမှတ်(၉၇/ခ) မြမာလာလမ်း, ၉ရပ်ကွက်,ရွှေပြည်သာ","အမှတ်(၉၇/ခ) မြမာလာလမ်း, ၉ရပ်ကွက်,ရွှေပြည်သာ",Shwe Pyi Thar,Yangon,Yangon Region,"No. (97/B), Mya Marlar Road, Ward (9), Shwe Pyi Thar",03:00-06:00,COD,Active,true,3,5,500
PPL,Poe Poe Lay,Online Shop,Moe Thuzar Aye,09253420220,09965903681,,လမ်းအမှတ်  (၁၁ x ၁၂)ကြား ဧရာလမ်းမကြီးပေါ် ၊ ညရပ်ကွက်၊ မြောက်ဥက္ကလာ,လမ်းအမှတ်  (၁၁ x ၁၂)ကြား ဧရာလမ်းမကြီးပေါ် ၊ ညရပ်ကွက်၊ မြောက်ဥက္ကလာ,North Okkalapa,Yangon,Yangon Region,"Between Streets 11 and 12, on Ayar Main Road, Nya Ward, North Okkalapa",,,,false,3,5,500
PRE,PREMIER,Online Shop,Than Than Soe,09260644879,,,အမှတ် (၂၉၉-အေ)၊ မြမာလာလမ်း၊ သာကေတစက်မှုဇုန်,အမှတ် (၂၉၉-အေ)၊ မြမာလာလမ်း၊ သာကေတစက်မှုဇုန်,Thaketa,Yangon,Yangon Region,"No. (299-A), Mya Marlar Road, Thaketa Industrial Zone",,COD,Active,true,3,5,500
PSO,Phyu Sin OS,Online Shop,Aye Pwint Phyu,09740908663,09673333788,,အမှတ် (၅၇)၊ ငုဝါလမ်း၊ အလုံ,အမှတ် (၅၇)၊ ငုဝါလမ်း၊ အလုံ,Kyimyindaing,Yangon,Yangon Region,"No. (57), Ngu Wah Road, Ahlone",,,,false,3,5,500
PTB,Pi Ti Sar Pay,Book Store,Sayar Kyaw,09257060323,,,အမှတ် (၁၁၇၀) ၊မင်းရဲကျော်စွာလမ်းမကြီး၊(၁၃၃)ရပ်ကွက်၊အရှေ့ဒဂုံမြို့နယ်၊ရန်ကုန်မြို့။,အမှတ် (၁၁၇၀) ၊မင်းရဲကျော်စွာလမ်းမကြီး၊(၁၃၃)ရပ်ကွက်၊အရှေ့ဒဂုံမြို့နယ်၊ရန်ကုန်မြို့။,East Dagon,Yangon,Yangon Region,"No. (1170), Min Ye Kyaw Swar Main Road, Ward (133), East Dagon Township, Yangon",03:00-06:00,COD,Active,true,3,5,500
PTP,Pan Tharaphy,Online Shop,Yoon Yadana Lwin,095191464,,,အမှတ်(၄၇/ B1)၊ဖိုးစိန်လမ်း ၊ ဗဟန်း,အမှတ်(၄၇/ B1)၊ဖိုးစိန်လမ်း ၊ ဗဟန်း,Bahan,Yangon,Yangon Region,"No. (47/B1), Pho Sein Road, Bahan",,,,false,3,5,500
PYT,Payit Ka lay,Online Shop,Zin Mar Htay,09669716499,,,ရဲဝန်ထမ်းအိမ်ယာ၊ မဟာစည်သာသနာ့ရိပ်သာလမ်း၊ဗဟန်း,ရဲဝန်ထမ်းအိမ်ယာ၊ မဟာစည်သာသနာ့ရိပ်သာလမ်း၊ဗဟန်း,Bahan,Yangon,Yangon Region,"Police Staff Housing, Mahasi Sasana Yeiktha Road, Bahan",,,,false,3,5,500
SEN,Shwe Eaint,Online Shop,Shwe Eaint,09944436600,,,အမှတ်(၂၅)၊ အောင်သပြေအနောက်(၅)လမ်း၊ (၇)ရပ်ကွက်၊ သာကေတ,အမှတ်(၂၅)၊ အောင်သပြေအနောက်(၅)လမ်း၊ (၇)ရပ်ကွက်၊ သာကေတ,Thaketa,Yangon,Yangon Region,"No. (25), Aung Thapyay West (5) Street, Ward (7), Thaketa",03:00-06:00,COD,Active,true,3,5,500
SHS,Shwe Sin,Online Shop,Mya Thida,09975538286,,,"အမှတ်(၈၁၅)၊အနော်ရထာလမ်း, (၉) ရပ်ကွက်၊ အရှေ့ဒဂုံ","အမှတ်(၈၁၅)၊အနော်ရထာလမ်း, (၉) ရပ်ကွက်၊ အရှေ့ဒဂုံ",East Dagon,Yangon,Yangon Region,"No. (815), Anawrahta Road, Ward (9), East Dagon",03:00-06:00,COD,Active,true,3,5,500
SMH,Shaw Mahar,Online Shop,Pan Ei Wai,09777759111,,,အမှတ် (၁၂၃၅) ၊ မင်းလမ်းနှင့် မင်းလမ်း (၂) လမ်းထိပ်၊ (၅၅) ရပ်ကွက်၊တောင်ဒဂုံ,အမှတ် (၁၂၃၅) ၊ မင်းလမ်းနှင့် မင်းလမ်း (၂) လမ်းထိပ်၊ (၅၅) ရပ်ကွက်၊တောင်ဒဂုံ,South Dagon,Yangon,Yangon Region,"No. (1235), corner of Min Road and Min Road (2), Ward (55), South Dagon",03:00-06:00,COD,Active,true,3,5,500
SSF,Su Su Fashion World,Online Shop,Su Su,09786872727,09456201277,,တိုက် (၁) A1 ၊ (၄၂) ရပ်ကွက်ဦးဝိစာရလမ်းမ၊ မဟာမြိုင်အိမ်ရာရှေ့ မြောက်ဒဂုံ,တိုက် (၁) A1 ၊ (၄၂) ရပ်ကွက်ဦးဝိစာရလမ်းမ၊ မဟာမြိုင်အိမ်ရာရှေ့ မြောက်ဒဂုံ,North Dagon,Yangon,Yangon Region,"Building (1), A1, Ward (42), U Wisara Main Road, in front of Maha Myaing Housing, North Dagon",03:00-06:00,COD,Active,true,3,5,500
STZ,Saung Thazin,Online Shop,Hnin Wai Zin,09799951012,,,အမှတ် (၁၀၇၄) (ထန်းခြောက်ပင်၊ သီရိမင်္ဂလာပတ်လမ်း၊ ကြံတိုင်းအောင်စေတီရှေ့၊ဘုရားလေးလမ်း၊ရွှေပြည်သာ,အမှတ် (၁၀၇၄) (ထန်းခြောက်ပင်၊ သီရိမင်္ဂလာပတ်လမ်း၊ ကြံတိုင်းအောင်စေတီရှေ့၊ဘုရားလေးလမ်း၊ရွှေပြည်သာ,Shwe Pyi Thar,Yangon,Yangon Region,"No. (1074), Htan Chauk Pin, Thiri Mingalar Circular Road, in front of Kyan Taing Aung Pagoda, Phaya Lay Road, Shwe Pyi Thar",03:00-06:00,COD,Active,true,3,5,500
SYE,Shwe Yee,Online Shop,Shwe Yee,09752882403,,,ဒဂုံဧရာအဝေးပြေးအနီး စိန်သရဖူ (၂)လမ်း၊ ပတ္တမြားနွယ်ဖုန်းဆိုင်မျက်နှာချင်းဆိုင်လမ်း,ဒဂုံဧရာအဝေးပြေးအနီး စိန်သရဖူ (၂)လမ်း၊ ပတ္တမြားနွယ်ဖုန်းဆိုင်မျက်နှာချင်းဆိုင်လမ်း,Hlaing Thar Yar,Yangon,Yangon Region,"Near Dagon Ayar Highway, Sein Tharaphu (2) Street, opposite Pattamyar Nwe Phone Shop",03:00-06:00,COD,Active,true,3,5,500
TGK,Thingangyun Bracnh,Branch Office,Aye Thuzar Aung,09424596830,,,"အမှတ်  (၁၁၄/ခ),ပြည်တော်အေးလမ်း၊ လေးထောင့်ကန်ရပ်ကွက်၊ သင်္ဃန်းကျွန်း","အမှတ်  (၁၁၄/ခ),ပြည်တော်အေးလမ်း၊ လေးထောင့်ကန်ရပ်ကွက်၊ သင်္ဃန်းကျွန်း",Thingangyun,Yangon,Yangon Region,"No. (114/B), Pyitawaye Road, Lay Daunk Kan Ward, Thingangyun",,,,false,3,5,500
UQD,Unique/Diva,Online Shop,Ma Wai Zin Phyo,09888867040,09405073835,,အမှတ်(၇)၊စံပါယ် (၇)လမ်း၊ဘိုးလိန်းအောင်မင်္ဂလာရပ်ကွက်၊ယုဇနပလာဇာအနောက်ဘက် ၊  APAC Tower,အမှတ်(၇)၊စံပါယ် (၇)လမ်း၊ဘိုးလိန်းအောင်မင်္ဂလာရပ်ကွက်၊ယုဇနပလာဇာအနောက်ဘက် ၊  APAC Tower,Tamwe,Yangon,Yangon Region,"No. (7), San Pale (7) Street, Bo Lein Aung Mingalar Ward, west of Yuzana Plaza, APAC Tower",,,,false,3,5,500
BBW,Baby world,Online Shop,Ma Htet Htet Hlaing,09759791826,09786288313,,အမှတ်(၂၂)၊ ဗိုလ်မှူးဗထူးလမ်း၊  (၆ )ရပ်ကွက်၊ အ‌ရှေ့ဒဂုံ,အမှတ်(၂၂)၊ ဗိုလ်မှူးဗထူးလမ်း၊  (၆ )ရပ်ကွက်၊ အ‌ရှေ့ဒဂုံ,East Dagon,Yangon,Yangon Region,"No. (22), Bo Hmu Ba Htoo Road, Ward (6), East Dagon",,,,,3,5,500
SFH,Sweety Fashion House,Online Shop,Nan Nan,09451578299,09759791826,,တောင်ဥက္ကလာ မေတ္တာလမ်း ၁၃ဈေးရှေ့မအမှတ် ၈၇၉ ငွေယမုံစျေးရှေ့,တောင်ဥက္ကလာ မေတ္တာလမ်း ၁၃ဈေးရှေ့မအမှတ် ၈၇၉ ငွေယမုံစျေးရှေ့,South Okkalapa,Yangon,Yangon Region,"No. (879), Metta Road, in front of 13 Market, in front of Ngwe Yamone Market, South Okkalapa",03;00-6;00,,,,3,5,500
ZZE,Zan Zan Export Clothings,Online Shop,Zan Zan Soe,09673648505,,,အမှတ် (၁၅၉ -ခ)၊ သီရိမင်္ဂလာပတ်လမ်း၊ ၅/၆ ရပ်ကွက်၊ ရွေပြည်သာ,အမှတ် (၁၅၉ -ခ)၊ သီရိမင်္ဂလာပတ်လမ်း၊ ၅/၆ ရပ်ကွက်၊ ရွေပြည်သာ,Shwe Pyi Thar,Yangon,Yangon Region,"No. (159-B), Thiri Mingalar Circular Road, Ward 5/6, Shwe Pyi Thar",03;00-6;00,,,,3,5,500
FFU,Food For U,Online Shop,Food For U,099777809039,,,အမှတ် (၁၂၆၅)၊ မြေညီ၊ ဗိုလ်မင်းရောင်လမ်း၊ ၄၁ ရက်ကွက် ၊ မြောက်ဒဂုံ,အမှတ် ၁၂၆၅၊ မြေညီ၊ ဗိုလ်မင်းရောင်လမ်း၊ ၄၁ ရက်ကွက် ၊ မြောက်ဒဂုံ,North Dagon,Yangon,Yangon Region,"No. (1265), Ground Floor, Bo Min Yaung Road, Ward (41), North Dagon",03;00-6;00,,,,,,
SOS,Singapore Online Shop,Online Shop,Hnin Thiri,09250050750,,,အမှတ်(၇၁၆/က)၊ မဟာဗန္ဓုလလမ်း (မန္တလေးလမ်း)၊ (၄၆) ရပ်ကွက်၊မြောက်ဒဂုံ,အမှတ်(၇၁၆/က)၊ မဟာဗန္ဓုလလမ်း (မန္တလေးလမ်း)၊ (၄၆) ရပ်ကွက်၊မြောက်ဒဂုံ,North Dagon,Yangon,Yangon Region,"No. (716/A), Maha Bandula Road, also known as Mandalay Road, Ward (46), North Dagon",03;00-6;00,,,,,,
AK,A&K Collection,Online Shop,Ma Jar Li,09-978939591,,,အမှတ်(၁၂၅/ခ)၊ ၁၄/၃ ရပ်ကွက်၊ သံသုမာလမ်းမကြီး၊ ဉက္ကလာပဘုရားအနီး၊တောင်ဥက္ကလာ,အမှတ်(၁၂၅/ခ)၊ ၁၄/၃ ရပ်ကွက်၊ သံသုမာလမ်းမကြီး၊ ဉက္ကလာပဘုရားအနီး၊တောင်ဥက္ကလာ,South Okkalapa,Yangon,Yangon Region,"No. (125/B), Ward 14/3, Thandumar Main Road, near Okkalapa Pagoda, South Okkalapa",03;00-6;00,,,,,,
SLN,Slinnar's Beauty Club North Dagon,Online Shop,,09-954033833,,,ဘုရင့်နောင်လမ်းမပေါ်၊ Pinlon City Mall ရှေ့၊ Pinlon Hill ဒုတိယထပ်၊မြောက်ဒဂုံ,ဘုရင့်နောင်လမ်းမပေါ်၊ Pinlon City Mall ရှေ့၊ Pinlon Hill ဒုတိယထပ်၊မြောက်ဒဂုံ,North Dagon,Yangon,Yangon Region,"On Bayint Naung Main Road, in front of Pinlon City Mall, Pinlon Hill, Second Floor, North Dagon",03;00-6;00,,,,,,
TZ,TZ-5 Fashion Shop,Online Shop,Khaing Thazin Han,09-981381635,,,အမှတ်(၂၆၆)၊ မေတ္တာလမ်း၊ (၁၀)ရပ်ကွက်၊ တောင်ဉက္ကလာ,အမှတ်(၂၆၆)၊ မေတ္တာလမ်း၊ (၁၀)ရပ်ကွက်၊ တောင်ဉက္ကလာ,South Okkalapa,Yangon,Yangon Region,"No. (266), Metta Road, Ward (10), South Okkalapa",03;00-6;00,,,,,,
KWY,kyal Win yan,Online Shop,Win Win May,09-765144772,09-5144772,,အမှတ် (၄၀)/(တ-၁၇၃)မင်းရဲကျော်စွာလမ်း၊ (၄၀)ရပ်ကွက်၊ မြောက်ဒဂုံ,အမှတ် ၄၀/(တ-၁၇၃)မင်းရဲကျော်စွာလမ်း၊ (၄၀)ရပ်ကွက်၊ မြောက်ဒဂုံ,North Dagon,Yangon,Yangon Region,"No. (40)/(Ta-173), Min Ye Kyaw Swar Road, Ward (40), North Dagon",03;00-6;00,,,,,,
PP,PANN PANN Orchid Garden,Online Shop,Pann Pann,09-791596959,,,အမှတ်(၃၈၃)၊ စိန်ပန်းလမ်း၊ (၄၀) ရပ်ကွက်၊ မြောက်ဒဂုံ,အမှတ်(၃၈၃)၊ စိန်ပန်းလမ်း၊ (၄၀) ရပ်ကွက်၊ မြောက်ဒဂုံ,North Dagon,Yangon,Yangon Region,"No. (383), Sein Pan Road, Ward (40), North Dagon",,,,,,,
NKS,Neo Kids,Online Shop,Willian Hein,09-5199004,092035633,,အမှတ် (၆၉၈)၊ ဘယသင်္ကြန်လမ်း၊ (၁၀) ရပ်ကွက်၊ တောင်ဥက္ကလာ,အမှတ် (၆၉၈)၊ ဘယသင်္ကြန်လမ်း၊ (၁၀) ရပ်ကွက်၊ တောင်ဥက္ကလာ,South Okkalapa,Yangon,Yangon Region,"No. (698), Baya Thingyan Road, Ward (10), South Okkalapa",,,,,,,
